-- phpMyAdmin SQL Dump
-- version 5.2.1
-- https://www.phpmyadmin.net/
--
-- Máy chủ: 127.0.0.1
-- Thời gian đã tạo: Th10 30, 2023 lúc 05:42 PM
-- Phiên bản máy phục vụ: 10.4.28-MariaDB
-- Phiên bản PHP: 8.2.4

SET SQL_MODE = "NO_AUTO_VALUE_ON_ZERO";
START TRANSACTION;
SET time_zone = "+00:00";


/*!40101 SET @OLD_CHARACTER_SET_CLIENT=@@CHARACTER_SET_CLIENT */;
/*!40101 SET @OLD_CHARACTER_SET_RESULTS=@@CHARACTER_SET_RESULTS */;
/*!40101 SET @OLD_COLLATION_CONNECTION=@@COLLATION_CONNECTION */;
/*!40101 SET NAMES utf8mb4 */;

--
-- Cơ sở dữ liệu: `onlinefoodphp`
--

-- --------------------------------------------------------

--
-- Cấu trúc bảng cho bảng `admin`
--

CREATE TABLE `admin` (
  `adm_id` int(222) NOT NULL,
  `username` varchar(222) NOT NULL,
  `password` varchar(222) NOT NULL,
  `email` varchar(222) NOT NULL,
  `code` varchar(222) NOT NULL,
  `date` timestamp NOT NULL DEFAULT current_timestamp() ON UPDATE current_timestamp()
) ENGINE=InnoDB DEFAULT CHARSET=latin1 COLLATE=latin1_swedish_ci;

--
-- Đang đổ dữ liệu cho bảng `admin`
--

INSERT INTO `admin` (`adm_id`, `username`, `password`, `email`, `code`, `date`) VALUES
(2, 'duytrungnam', '14e1b600b1fd579f47433b88e8d85291', 'duytrungnam@gmail.com', '', '2023-10-26 02:07:39'),
(3, 'duytrungnam1', '14e1b600b1fd579f47433b88e8d85291', 'duytrungnam@gmail.com', '', '2023-10-26 02:07:39');

-- --------------------------------------------------------

--
-- Cấu trúc bảng cho bảng `dishes`
--

CREATE TABLE `dishes` (
  `d_id` int(222) NOT NULL,
  `rs_id` int(222) NOT NULL,
  `title` varchar(222) NOT NULL,
  `slogan` varchar(222) NOT NULL,
  `price` decimal(10,2) NOT NULL,
  `img` varchar(222) NOT NULL
) ENGINE=InnoDB DEFAULT CHARSET=latin1 COLLATE=latin1_swedish_ci;

--
-- Đang đổ dữ liệu cho bảng `dishes`
--

INSERT INTO `dishes` (`d_id`, `rs_id`, `title`, `slogan`, `price`, `img`) VALUES
(1, 1, 'Yorkshire Lamb Patties', 'Lamb patties which melt in your mouth, and are quick and easy to make. Served hot with a crisp salad.', 14.00, '62908867a48e4.jpg'),
(2, 1, 'Lobster Thermidor', 'Lobster Thermidor is a French dish of lobster meat cooked in a rich wine sauce, stuffed back into a lobster shell, and browned.', 36.00, '629089fee52b9.jpg'),
(3, 4, 'Chicken Madeira', 'Chicken Madeira, like Chicken Marsala, is made with chicken, mushrooms, and a special fortified wine. But, the wines are different;', 23.00, '62908bdf2f581.jpg'),
(4, 1, 'Stuffed Jacket Potatoes', 'Deep fry whole potatoes in oil for 8-10 minutes or coat each potato with little oil. Mix the onions, garlic, tomatoes and mushrooms. Add yoghurt, ginger, garlic, chillies, coriander', 8.00, '62908d393465b.jpg'),
(5, 2, 'Pink Spaghetti Gamberoni', 'Spaghetti with prawns in a fresh tomato sauce. This dish originates from Southern Italy and with the combination of prawns, garlic, chilli and pasta. Garnish each with remaining tablespoon parsley.', 21.00, '606d7491a9d13.jpg'),
(6, 2, 'Cheesy Mashed Potato', 'Deliciously Cheesy Mashed Potato. The ultimate mash for your Thanksgiving table or the perfect accompaniment to vegan sausage casserole. Everyone will love it\'s fluffy, cheesy.', 5.00, '606d74c416da5.jpg'),
(7, 2, 'Crispy Chicken Strips', 'Fried chicken strips, served with special honey mustard sauce.', 8.00, '606d74f6ecbbb.jpg'),
(8, 2, 'Lemon Grilled Chicken And Pasta', 'Marinated rosemary grilled chicken breast served with mashed potatoes and your choice of pasta.', 11.00, '606d752a209c3.jpg'),
(9, 3, 'Vegetable Fried Rice', 'Chinese rice wok with cabbage, beans, carrots, and spring onions.', 5.00, '606d7575798fb.jpg'),
(10, 3, 'Prawn Crackers', '12 pieces deep-fried prawn crackers', 7.00, '606d75a7e21ec.jpg'),
(11, 3, 'Spring Rolls', 'Lightly seasoned shredded cabbage, onion and carrots, wrapped in house made spring roll wrappers, deep fried to golden brown.', 6.00, '606d75ce105d0.jpg'),
(12, 3, 'Manchurian Chicken', 'Chicken pieces slow cooked with spring onions in our house made manchurian style sauce.', 11.00, '606d7600dc54c.jpg'),
(13, 4, ' Buffalo Wings', 'Fried chicken wings tossed in spicy Buffalo sauce served with crisp celery sticks and Blue cheese dip.', 11.00, '606d765f69a19.jpg'),
(14, 4, 'Mac N Cheese Bites', 'Served with our traditional spicy queso and marinara sauce.', 9.00, '606d768a1b2a1.jpg'),
(15, 4, 'Signature Potato Twisters', 'Spiral sliced potatoes, topped with our traditional spicy queso, Monterey Jack cheese, pico de gallo, sour cream and fresh cilantro.', 6.00, '606d76ad0c0cb.jpg'),
(16, 4, 'Meatballs Penne Pasta', 'Garlic-herb beef meatballs tossed in our house-made marinara sauce and penne pasta topped with fresh parsley.', 10.00, '606d76eedbb99.jpg'),
(17, 5, 'SUMMER ROLLS', 'Fresh rice paper summer rolls with vermicelli & pickle. Veggie, chicken, prawn, or vegan chicken', 11.00, '6531f86a63936.jpg'),
(18, 5, 'Chao Ga', 'This is a dish I ate allll the time growing up at home and at Chinese restaurants. And on a recent trip to Vietnam just before the world shut down, we had Vietnamese rice porridge at every single hotel breakfast.', 12.00, '6539cb3612951.jpg');

-- --------------------------------------------------------

--
-- Cấu trúc bảng cho bảng `remark`
--

CREATE TABLE `remark` (
  `id` int(11) NOT NULL,
  `frm_id` int(11) NOT NULL,
  `status` varchar(255) NOT NULL,
  `remark` mediumtext NOT NULL,
  `remarkDate` timestamp NOT NULL DEFAULT current_timestamp()
) ENGINE=InnoDB DEFAULT CHARSET=latin1 COLLATE=latin1_swedish_ci;

--
-- Đang đổ dữ liệu cho bảng `remark`
--

INSERT INTO `remark` (`id`, `frm_id`, `status`, `remark`, `remarkDate`) VALUES
(13, 12, 'in process', 'thank you', '2023-10-29 14:30:20'),
(14, 16, 'in process', 'ok em!', '2023-11-24 11:48:47'),
(15, 16, 'in process', 'ok ', '2023-11-24 11:49:16'),
(16, 17, 'closed', 'anh kien dep trai', '2023-11-24 11:58:52'),
(17, 18, 'rejected', 'mon nhu l', '2023-11-24 11:59:13'),
(18, 18, 'closed', 'thank ciu', '2023-11-28 16:03:20'),
(19, 10, 'closed', 'ngon lam', '2023-11-28 16:04:00');

-- --------------------------------------------------------

--
-- Cấu trúc bảng cho bảng `restaurant`
--

CREATE TABLE `restaurant` (
  `rs_id` int(222) NOT NULL,
  `c_id` int(222) NOT NULL,
  `title` varchar(222) NOT NULL,
  `email` varchar(222) NOT NULL,
  `phone` varchar(222) NOT NULL,
  `url` varchar(222) NOT NULL,
  `o_hr` varchar(222) NOT NULL,
  `c_hr` varchar(222) NOT NULL,
  `o_days` varchar(222) NOT NULL,
  `address` text NOT NULL,
  `image` text NOT NULL,
  `date` timestamp NOT NULL DEFAULT current_timestamp() ON UPDATE current_timestamp()
) ENGINE=InnoDB DEFAULT CHARSET=latin1 COLLATE=latin1_swedish_ci;

--
-- Đang đổ dữ liệu cho bảng `restaurant`
--

INSERT INTO `restaurant` (`rs_id`, `c_id`, `title`, `email`, `phone`, `url`, `o_hr`, `c_hr`, `o_days`, `address`, `image`, `date`) VALUES
(1, 1, 'North Street Tavern', 'nthavern@mail.com', '3547854700', 'www.northstreettavern.com', '8am', '8pm', 'mon-sat', '1128 North St, White Plains', '6290877b473ce.jpg', '2023-10-10 01:10:35'),
(2, 2, 'Eataly', 'eataly@gmail.com', '0557426406', 'www.eataly.com', '11am', '9pm', 'Mon-Sat', '800 Boylston St, Boston', '606d720b5fc71.jpg', '2023-10-10 01:06:41'),
(3, 3, 'Nan Xiang Xiao Long Bao', 'nanxiangbao45@mail.com', '1458745855', 'www.nanxiangbao45.com', '9am', '8pm', 'mon-sat', 'Queens, New York', '6290860e72d1e.jpg', '2023-10-10 01:04:30'),
(4, 4, 'Highlands Bar & Grill', 'hbg@mail.com', '6545687458', 'www.hbg.com', '7am', '8pm', 'mon-sat', '812 Walter Street', '6290af6f81887.jpg', '2023-10-10 04:01:03'),
(5, 5, 'Pho Cafe', 'phocafe@mail.com', '01235431234', 'https://www.phocafe.co.uk/menus/', '6am', '9pm', '24hr-x7', '64B Nguyen Sy Sach, Tan Binh', '6531f79591032.jpg', '2023-10-20 03:44:21');

-- --------------------------------------------------------

--
-- Cấu trúc bảng cho bảng `res_category`
--

CREATE TABLE `res_category` (
  `c_id` int(222) NOT NULL,
  `c_name` varchar(222) NOT NULL,
  `date` timestamp NOT NULL DEFAULT current_timestamp() ON UPDATE current_timestamp()
) ENGINE=InnoDB DEFAULT CHARSET=latin1 COLLATE=latin1_swedish_ci;

--
-- Đang đổ dữ liệu cho bảng `res_category`
--

INSERT INTO `res_category` (`c_id`, `c_name`, `date`) VALUES
(1, 'Continental', '2023-10-10 01:07:35'),
(2, 'Italian', '2023-10-10 01:45:23'),
(3, 'Chinese', '2023-10-10 01:45:25'),
(4, 'American', '2023-10-10 01:45:28'),
(5, 'Vietnamese', '2023-10-20 03:10:27');

-- --------------------------------------------------------

--
-- Cấu trúc bảng cho bảng `users`
--

CREATE TABLE `users` (
  `u_id` int(222) NOT NULL,
  `username` varchar(222) NOT NULL,
  `f_name` varchar(222) NOT NULL,
  `l_name` varchar(222) NOT NULL,
  `email` varchar(222) NOT NULL,
  `phone` varchar(222) NOT NULL,
  `password` varchar(222) NOT NULL,
  `address` text NOT NULL,
  `status` int(222) NOT NULL DEFAULT 1,
  `date` timestamp NOT NULL DEFAULT current_timestamp() ON UPDATE current_timestamp()
) ENGINE=InnoDB DEFAULT CHARSET=latin1 COLLATE=latin1_swedish_ci;

--
-- Đang đổ dữ liệu cho bảng `users`
--

INSERT INTO `users` (`u_id`, `username`, `f_name`, `l_name`, `email`, `phone`, `password`, `address`, `status`, `date`) VALUES
(7, 'namhd2003', 'Nguyen Duy', 'Nam', 'namhadong@mail.com', '0234212342', 'e10adc3949ba59abbe56e057f20f883e', 'Ha Dong', 1, '2023-10-20 02:08:48'),
(8, 'kien123', 'Kien', 'Nguyen Xuan', 'kiensonghong@gmail.com', '0123123123', 'e10adc3949ba59abbe56e057f20f883e', 'Nguyen Hoang Ton, song Hong', 1, '2023-11-24 11:56:53'),
(11, 'trung1234', 'Nguyen Van Can', 'Trung', 'namtom@mail.com', '0777888979', '14e1b600b1fd579f47433b88e8d85291', 'Dong Da', 1, '2023-10-29 02:08:48'),
(12, 'trungtom1', 'Nguyen Thanh', 'Trung', 'trung567@gmail.com', '0321321321', '1', 'Ha Dong', 1, '2023-11-29 09:43:19');

-- --------------------------------------------------------

--
-- Cấu trúc bảng cho bảng `users_orders`
--

CREATE TABLE `users_orders` (
  `o_id` int(222) NOT NULL,
  `u_id` int(222) NOT NULL,
  `title` varchar(222) NOT NULL,
  `quantity` int(222) NOT NULL,
  `price` decimal(10,2) NOT NULL,
  `status` varchar(222) DEFAULT NULL,
  `date` timestamp NOT NULL DEFAULT current_timestamp() ON UPDATE current_timestamp()
) ENGINE=InnoDB DEFAULT CHARSET=latin1 COLLATE=latin1_swedish_ci;

--
-- Đang đổ dữ liệu cho bảng `users_orders`
--

INSERT INTO `users_orders` (`o_id`, `u_id`, `title`, `quantity`, `price`, `status`, `date`) VALUES
(10, 7, 'Chicken Madeira', 1, 23.00, 'closed', '2023-11-28 16:04:00'),
(12, 7, 'Chao Ga', 1, 12.00, 'in process', '2023-10-29 14:30:20'),
(13, 7, 'SUMMER ROLLS', 2, 11.00, NULL, '2023-11-24 11:47:33'),
(14, 7, 'Vegetable Fried Rice', 1, 5.00, NULL, '2023-11-24 11:47:33'),
(15, 7, 'Spring Rolls', 1, 6.00, NULL, '2023-11-24 11:47:33'),
(16, 7, ' Buffalo Wings', 1, 11.00, 'in process', '2023-11-24 11:48:47'),
(17, 8, 'Lobster Thermidor', 1, 36.00, 'closed', '2023-11-24 11:58:52'),
(18, 8, 'Yorkshire Lamb Patties', 1, 14.00, 'closed', '2023-11-28 16:03:20');

--
-- Chỉ mục cho các bảng đã đổ
--

--
-- Chỉ mục cho bảng `admin`
--
ALTER TABLE `admin`
  ADD PRIMARY KEY (`adm_id`);

--
-- Chỉ mục cho bảng `dishes`
--
ALTER TABLE `dishes`
  ADD PRIMARY KEY (`d_id`);

--
-- Chỉ mục cho bảng `remark`
--
ALTER TABLE `remark`
  ADD PRIMARY KEY (`id`);

--
-- Chỉ mục cho bảng `restaurant`
--
ALTER TABLE `restaurant`
  ADD PRIMARY KEY (`rs_id`);

--
-- Chỉ mục cho bảng `res_category`
--
ALTER TABLE `res_category`
  ADD PRIMARY KEY (`c_id`);

--
-- Chỉ mục cho bảng `users`
--
ALTER TABLE `users`
  ADD PRIMARY KEY (`u_id`);

--
-- Chỉ mục cho bảng `users_orders`
--
ALTER TABLE `users_orders`
  ADD PRIMARY KEY (`o_id`);

--
-- AUTO_INCREMENT cho các bảng đã đổ
--

--
-- AUTO_INCREMENT cho bảng `admin`
--
ALTER TABLE `admin`
  MODIFY `adm_id` int(222) NOT NULL AUTO_INCREMENT, AUTO_INCREMENT=4;

--
-- AUTO_INCREMENT cho bảng `dishes`
--
ALTER TABLE `dishes`
  MODIFY `d_id` int(222) NOT NULL AUTO_INCREMENT, AUTO_INCREMENT=19;

--
-- AUTO_INCREMENT cho bảng `remark`
--
ALTER TABLE `remark`
  MODIFY `id` int(11) NOT NULL AUTO_INCREMENT, AUTO_INCREMENT=20;

--
-- AUTO_INCREMENT cho bảng `restaurant`
--
ALTER TABLE `restaurant`
  MODIFY `rs_id` int(222) NOT NULL AUTO_INCREMENT, AUTO_INCREMENT=6;

--
-- AUTO_INCREMENT cho bảng `res_category`
--
ALTER TABLE `res_category`
  MODIFY `c_id` int(222) NOT NULL AUTO_INCREMENT, AUTO_INCREMENT=6;

--
-- AUTO_INCREMENT cho bảng `users`
--
ALTER TABLE `users`
  MODIFY `u_id` int(222) NOT NULL AUTO_INCREMENT, AUTO_INCREMENT=13;

--
-- AUTO_INCREMENT cho bảng `users_orders`
--
ALTER TABLE `users_orders`
  MODIFY `o_id` int(222) NOT NULL AUTO_INCREMENT, AUTO_INCREMENT=19;
COMMIT;

/*!40101 SET CHARACTER_SET_CLIENT=@OLD_CHARACTER_SET_CLIENT */;
/*!40101 SET CHARACTER_SET_RESULTS=@OLD_CHARACTER_SET_RESULTS */;
/*!40101 SET COLLATION_CONNECTION=@OLD_COLLATION_CONNECTION */;
